ITEM_CODE,MODEL,ITEM_NAME,SPEC,UNIT
PHOE-0200020,0200020,0200020 Phoenix Contact Fixed bridge FBI 2-8,,PCS
PHOE-0200046,0200046,0200046 Phoenix Contact Fixed bridge FBI 4-8,,PCS
PHOE-0200062,0200062,0200062 Phoenix Contact Switching jumper SB 2-8/13 N,,PCS
PHOE-0201139,0201139,0201139 Phoenix Contact Insertion bridge EB 10-6,,PCS
PHOE-0201155,0201155,0201155 Phoenix Contact Insertion bridge EB 2-6,,PCS
PHOE-0202138,0202138,0202138 Phoenix Contact Insertion bridge EB 10-8,,PCS
PHOE-0203250,0203250,0203250 Phoenix Contact Fixed bridge FBI 10-6,,PCS
PHOE-0203263,0203263,0203263 Phoenix Contact Fixed bridge FBI 10-8,,PCS
PHOE-0203276,0203276,0203276 Phoenix Contact Fixed bridge FBI 10-10,,PCS
PHOE-0203438,0203438,0203438 Phoenix Contact FBI 2-6 Fixed bridge,,PCS
PHOE-0301505,0301505,0301505 Phoenix Contact ISSBI 10-6 - Bridge,,PCS
PHOE-0310020,0310020,0310020 Phoenix Contact Cover D-URTK,,PCS
PHOE-0311087,0311087,0311087 Phoenix Contact Test disconnect terminal - URTK/S,,PCS
PHOE-0311236,0311236,0311236 Phoenix Contact Switching jumper SB 2-RTK/S,,PCS
PHOE-0311265,0311265,0311265 Phoenix Contact Switching jumper SB 4-RTK/S,,PCS
PHOE-0402174,0402174,0402174 Phoenix Contact NLS-CU 3/10 SN 1000MM - Neutral busbar,,PCS
PHOE-0404428,0404428,0404428 Phoenix Contact AB/SS - Support bracket,,PCS
PHOE-0421029,0421029,0421029 Phoenix Contact AKG 4 GNYE - Connection terminal,,PCS
PHOE-0441025,0441025,0441025 Phoenix Contact Ground modular terminal USLKG 2.5,,PCS
PHOE-0441083,0441083,0441083 Phoenix Contact USLKG 3 Ground terminal,,PCS
PHOE-0441119,0441119,0441119 Phoenix Contact Ground modular terminal USLKG 2.5 N,,PCS
PHOE-0441504,0441504,0441504 Phoenix Contact Ground modular terminal USLKG 5,,PCS
PHOE-0442079,0442079,0442079 Phoenix Contact Terminal USLKG 6 N,,PCS
PHOE-0443023,0443023,0443023 Phoenix Contact Ground modular terminal USLKG 16 N,,PCS
PHOE-0706647,0706647,0706647 Phoenix Contact TPNS-UK - Partition plate,,PCS
PHOE-0800307,0800307,0800307 Phoenix Contact Marker carriers UBE/D,,PCS
PHOE-0800886,0800886,0800886 Phoenix Contact End clamp E/NS 35 N,,PCS
PHOE-0801733,0801733,0801733 Phoenix Contact DIN rail perforated NS 35/7.5 PERF 2M,,PCS
PHOE-0803122,0803122,0803122 Phoenix Contact Marker carriers UBE/D N+C,,PCS
PHOE-0809421,0809421,0809421 Phoenix Contact KLM-A+ESL44X7 Terminal strip marker carrier,,PCS
PHOE-0810588,0810588,0810588 Phoenix Contact GBS 5-25X12 Group Marker,,PCS
PHOE-0811969,0811969,0811969 Phoenix Contact Terminal strip marker carrier KLM 3,,PCS
PHOE-0828734,0828734,0828734 Phoenix Contact Marker for terminal UCT-TM 5,,PCS
PHOE-0828736,0828736,0828736 Phoenix Contact Marker for terminal UCT-TM 6,,PCS
PHOE-0828740,0828740,0828740 Phoenix Contact Marker for terminal UCT-TM 8,,PCS
PHOE-0828744,0828744,0828744 Phoenix Contact UCT-TMF5 Marker for terminal,,PCS
PHOE-0828746,0828746,0828746 Phoenix Contact UCT-TMF6 Terminal Marker,,PCS
PHOE-0829142,0829142,0829142 Phoenix Contact Marker for terminal UCT-TM 10,,PCS
PHOE-0829144,0829144,0829144 Phoenix Contact Marker for terminal UCT-TM 12,,PCS
PHOE-0829146,0829146,0829146 Phoenix Contact UCT-TM16 Marker for terminal,,PCS
PHOE-0829483,0829483,0829483 Phoenix Contact UCT1-TM 6 - Marker for terminal s,,PCS
PHOE-0829484,0829484,0829484 Phoenix Contact UCT-TM 3.5 - Marker for terminal s,,PCS
PHOE-1004076,1004076,1004076 Phoenix Contact Marker carriers UBE/D + ES/KMK 3,,PCS
PHOE-1004322,1004322,1004322 Phoenix Contact Marker for terminal KLM-A + ES/KLM 2-GB,,PCS
PHOE-1004348,1004348,1004348 Phoenix Contact Terminal strip marker carrier KLM-A,,PCS
PHOE-1008238,1008238,1008238 Phoenix Contact FBS 6-6 - Plug-in bridge,,PCS
PHOE-1032526,1032526,1032526 Phoenix Contact Single Relay,,PCS
PHOE-1032527,1032527,1032527 Phoenix Contact Single Relay,,PCS
PHOE-1032530,1032530,1032530 Phoenix Contact Single Relay,,PCS
PHOE-1032531,1032531,1032531 Phoenix Contact Single Relay,,PCS
PHOE-1050004,1050004,1050004 Phoenix Contact Terminal Marker for PT4 (5.2mm),,PCS
PHOE-1071800,1071800,1071800 Phoenix Contact FL SWITCH SFNB 8TX-PNE,,PCS
PHOE-1078960,1078960,1078960 Phoenix Contact PTV 2.5 - Feed-through terminal,,PCS
PHOE-1085039,1085039,1085039 Phoenix Contact Ethernet Switch,,PCS
PHOE-1085162,1085162,1085162 Phoenix Contact Ethernet Switch,,PCS
PHOE-1085255,1085255,1085255 Phoenix Contact FL SWITCH 1016N - Industrial Ethernet Switch,,PCS
PHOE-1085256,1085256,1085256 Phoenix Contact Ethernet Switch,,PCS
PHOE-1085267,1085267,1085267 Phoenix Contact PRINTER THERMOMARK CARD 2.0,,PCS
PHOE-1096432,1096432,1096432 Phoenix Contact UNO2-PS/1AC/24DC/240W - Power supply,,PCS
PHOE-1134913,1134913,1134913 Phoenix Contact CRIMPFOX 10T-F - Crimping pliers,,PCS
PHOE-1199819,1199819,1199819 Phoenix Contact D-ST 2.5-TWIN BU - End cover,,PCS
PHOE-1201442,1201442,1201442 Phoenix Contact End clamp E/UK,,PCS
PHOE-1201662,1201662,1201662 Phoenix Contact E/AL-NS 35 - End bracket,,PCS
PHOE-1201730,1201730,1201730 Phoenix Contact DIN rail perforated NS 35/15 PERF 2M,,PCS
PHOE-1202577,1202577,1202577 Phoenix Contact E/UK-NS 35 - End clamp,,PCS
PHOE-1203149,1203149,1203149 USS 4 Phoenix Contact,,PCS
PHOE-1206560,1206560,1206560 Phoenix Contact End cap NS 35/7.5 CAP,,PCS
PHOE-1212034,1212034,1212034 Phoenix Contact CRIMPFOX 6 - Crimping pliers,,PCS
PHOE-1212150,1212150,1212150 Phoenix Contact WIREFOX 10 - Stripping tool,,PCS
PHOE-1277638,1277638,1277638 Phoenix Contact UT 2.5-HESI-EX (5X20) Fuse modular terminal,,PCS
PHOE-1329493,1329493,1329493 Phoenix Contact XTV 6 - Feed-through terminal,,PCS
PHOE-1329515,1329515,1329515 Phoenix Contact D-XTV 6 - End cover,,PCS
PHOE-1346525,1346525,HC-B06-HCWS-PLR-BK Phoenix Contact Cover,,PCS
PHOE-1346550,1346550,HC-B24-HCWS-PLR-BK Phoenix Contact Cover,,PCS
PHOE-1396415,1396415,1396415 Phoenix Contact UPS-BAT/LI/24DC/128WH - Battery module,,PCS
PHOE-1404475,1404475,1404475 Phoenix Contact M8 5pin Cable 1.5m.,,PCS
PHOE-1404476,1404476,1404476 Phoenix Contact M8 5pin Cable 3m.,,PCS
PHOE-1407471,1407471,1407471 NBC-M12MSX/ 1.0-94F/R4AC Phoenix Contact Network cable,,PCS
PHOE-1407502,1407502,1407502 NBC-M12MSD/10.0-93B/R4AC Phoenix Contact Network cable,,PCS
PHOE-1407660,1407660,HC-EVO-B24-BWSC-PLRBK Phoenix Contact Housing,,PCS
PHOE-1412758,1412758,HC-STA-B24-HHFS-1STM40-EL-AL Phoenix Contact Housing,,PCS
PHOE-1413285,1413285,1413285 Phoenix Contact ATP-DIKD 1.5 - Partition plate,,PCS
PHOE-1415863,1415863,1415863 Phoenix Contact SAC-3P-M 8MS/5.0-PVC,,PCS
PHOE-1421659,1421659,1421659 Phoenix Contact End clamp E/MK 1,,PCS
PHOE-1424649,1424649,1424649 Phoenix Contact SACC-M12MS-5PL M - Connector,,PCS
PHOE-1424678,1424678,1424678 Phoenix Contact Data connector SACC-M12MSB-2PL SH PB,,PCS
PHOE-1441079,1441079,1441079 Phoenix Contact SACC-M 8FS-4QO-0.5-M - Connector,,PCS
PHOE-1452848,1452848,1452848 Phoenix Contact SACB-8/ 8-L-C SCO P - Distributor box,,PCS
PHOE-1500716,1500716,1500716 Phoenix Contact SAC-4P-10PUR/M12FS SH.cable,,PCS
PHOE-1517929,1517929,1517929 Phoenix Contact SAC-5P- 5.0-900/FSB SCO - Bus system cable,,PCS
PHOE-1517932,1517932,1517932 Phoenix Contact SAC-5P-10.0-900/FSB SCO - Bus system cable,,PCS
PHOE-1543605,1543605,1543605 Phoenix Contact SAC-4P-15.0-PUR/M 8FS 0.34 - Sensor/actuator cable,,PCS
PHOE-1656725,1656725,1656725 Phoenix Contact RJ45 connector VS-08-RJ45-5-Q/IP20,,PCS
PHOE-1658435,1658435,1658435 Phoenix Contact RJ45 connector VS-PN-RJ45-5-Q/IP20,,PCS
PHOE-1662968,1662968,1662968 Phoenix Contact Connector,,PCS
PHOE-1668247,1668247,1668247 Phoenix Contact SAC-4P- 5.0-PUR/M12FR - Sensor/actuator cable,,PCS
PHOE-1669628,1669628,1669628 Phoenix Contact SAC-3P- 5.0-PUR/M 8FS - Sensor/actuator cable,,PCS
PHOE-1669741,1669741,1669741 Phoenix Contact SAC-3P- 3.0-PUR/M 8FR - Sensor/actuator cable,,PCS
PHOE-1669835,1669835,1669835 Phoenix Contact Sensor/actuator cable,,PCS
PHOE-1671386,1671386,1671386 Phoenix Contact SAC-3P-M12Y/2X0.6-PUR/M 8FR,,PCS
PHOE-1681143,1681143,1681143 Phoenix Contact SACC-M12FR-4CON-PG7-M - Connector,,PCS
PHOE-1681389,1681389,1681389 Phoenix Contact SAC-4P-10.0-PUR/M12FR - Sensor/actuator cable,,PCS
PHOE-1681790,1681790,1681790 Phoenix Contact SAC-4P-M 8MS/3.0-PUR - Sensor / actuator cable,,PCS
PHOE-1681936,1681936,1681936 Phoenix Contact SAC-3P-M 8MS/ 3.0-PUR/M 8FS - Sensor/actuator cable,,PCS
PHOE-1683002,1683002,"1683002 Phoenix Contact SAC-4P-10,0-PUR/M12FS Sensor/actuator cable",,PCS
PHOE-1683471,1683471,1683471 Phoenix Contact SAC-3P-M12Y/2XM 8FS - Y distributor,,PCS
PHOE-1693380,1693380,1693380 Phoenix Contact 1.5-PUR/M12FR-2L - Sensor/actuator cable,,PCS
PHOE-1693403,1693403,1693403 Phoenix Contact 3.0-PUR/M12FR-2L - Sensor/actuator cable,,PCS
PHOE-1693584,1693584,1693584 Phoenix Contact SAC-3P-M 8MS/10.0-PUR - Sensor/actuator cable,,PCS
PHOE-1694101,1694101,1694101 Phoenix Contact SAC-3P-10.0-PUR/M 8FS - Sensor/actuator cable,,PCS
PHOE-1792773,1792773,"1792773 Phoenix Contact MVSTBW 2,5/4-ST-5,08 PCB Connector",,PCS
PHOE-1804904,1804904,1804904 Phoenix Contact PCB connector PC 4/ 2-ST-7.62,,PCS
PHOE-1876615,1876615,1876615 Phoenix Contact Double-level terminal UKK 3-MSTB-5.08-PE,,PCS
PHOE-2302353,2302353,2302353 Phoenix Contact Potential distributors UMK- PVB 2/16/ZFKDS,,PCS
PHOE-2303132,2303132,2303132 Phoenix Contact Insertion bridge EBL 10-5,,PCS
PHOE-2305538,2305538,2305538 Phoenix Contact Switching jumper USBRJ 2-7,,PCS
PHOE-2320018,2320018,2320018 Phoenix Contact MINI-PS- 12- 24DC/ 5-15DC/2 - DC/DC converter,,PCS
PHOE-2320034,2320034,2320034 Phoenix Contact DC/DC converters,,PCS
PHOE-2320115,2320115,2320115 Phoenix Contact QUINT-PS/24DC/12DC/8 DC/DC converter,,PCS
PHOE-2320157,2320157,2320157 Phoenix Contact QUINT-DIODE,,PCS
PHOE-2320173,2320173,2320173 Phoenix Contact Redundancymodule QUINT 24DC,,PCS
PHOE-2320238,2320238,2320238 Phoenix Contact 24DC/20 - Uninterruptible power supply,,PCS
PHOE-2320908,2320908,2320908 PHOENIX CONTACT QUINT-PS/1AC/24DC/5A/CO Power Supply,,PCS
PHOE-2715979,2715979,2715979 Phoenix Contact DIKD 1.5 - Initiator/actuator terminal,,PCS
PHOE-2744403,2744403,2744403 Phoenix Contact ProfiBus Connector,,PCS
PHOE-2770011,2770011,2770011 Phoenix Contact Double-Level terminal UKK 3,,PCS
PHOE-2770024,2770024,2770024 Phoenix Contact D-UKK 3/5 - End cover,,PCS
PHOE-2770642,2770642,2770642 Phoenix Contact Fixed bridge FBRI 10-5 N,,PCS
PHOE-2771010,2771010,2771010 Phoenix Contact Terminal UKKB 3,,PCS
PHOE-2771023,2771023,2771023 Phoenix Contact D-UKKB 3/5 - End cover,,PCS
PHOE-2774017,2774017,2774017 Phoenix Contact UKK 5 - Double-level terminal,,PCS
PHOE-2775016,2775016,2775016 Phoenix Contact Feed-through terminal UDK 4,,PCS
PHOE-2775113,2775113,2775113 Phoenix Contact End cover D-UDK 4,,PCS
PHOE-2804429,2804429,2804429 Phoenix Contact VAL-MS230/1+1 Type2 Surge Arrester,,PCS
PHOE-2807586,2807586,2807586 Phoenix Contact VAL-MS 120 ST Type 2 surg,,PCS
PHOE-2832771,2832771,2832771 Phoenix Contact FL SWITCH SF 8TX,,PCS
PHOE-2832849,2832849,2832849 Phoenix Contact FL SWITCH SF 16TX,,PCS
PHOE-2832933,2832933,2832933 Phoenix Contact FL SWITCH SF 6TX/2FX,,PCS
PHOE-2833521,2833521,2833521 Phoenix Contact Relay base PR1-BSC3/2X21,,PCS
PHOE-2839538,2839538,2839538 Phoenix Contact Surge protect device TT-2-PE/S1-24D,,PCS
PHOE-2864095,2864095,2864095 Phoenix Contact MINI MCR-SL-R-UI Resistan,,PCS
PHOE-2866064,2866064,2866064 Phoenix Contact EMD-FL-3V-400 - Monitoring relay,,PCS
PHOE-2866268,2866268,2866268 Phoenix Contact Trio-PS/1AC/24DC/2.5A,,PCS
PHOE-2866310,2866310,2866310 Phoenix Contact Trio-PS/1AC/24DC/5A,,PCS
PHOE-2866323,2866323,2866323 Phoenix Contact TRIO-PS/1AC/24DC/10A,,PCS
PHOE-2866381,2866381,2866381 Phoenix Contact TRIO-PS/1AC/24DC/20A,,PCS
PHOE-2866404,2866404,2866404 Phoenix Contact TRIO-PS/3AC/24DC/40A,,PCS
PHOE-2866459,2866459,2866459 Phoenix Contact Trio-PS/3AC/24DC/10A,,PCS
PHOE-2866514,2866514,2866514 Phoenix Contact TRIO-DIODE Redundancy module,,PCS
PHOE-2866679,2866679,2866679 PHOENIX CONTACT QUINT-PS/1AC/48DC/5A Power supply,,PCS
PHOE-2866734,2866734,2866734 Phoenix Contact QUINT-PS/3AC/24DC/5 Power supply,,PCS
PHOE-2866747,2866747,2866747 Phoenix Contact QUINT-PS/1AC/24DC/3.5,,PCS
PHOE-2866750,2866750,2866750 Phoenix Contact QUINT-PS/1AC/24DC/5A,,PCS
PHOE-2866763,2866763,2866763 Phoenix Contact QUINT-PS/1AC/24DC/10A,,PCS
PHOE-2866776,2866776,2866776 Phoenix Contact QUINT-PS/1AC/24DC/20A,,PCS
PHOE-2866789,2866789,2866789 Phoenix Contact QUINT-PS/1AC/24DC/40A,,PCS
PHOE-2866792,2866792,2866792 Phoenix Contact QUINT-PS/3AC/24DC/20A,,PCS
PHOE-2866802,2866802,2866802 Phoenix Contact QUINT-PS/3AC/24DC/40A,,PCS
PHOE-2868596,2868596,2868596 Phoenix Contact Power Supply STEP-PS/1AC/24DC/0.5A,,PCS
PHOE-2868648,2868648,2868648 Phoenix Contact STEP-PS/ 1AC/24DC/1.75A,,PCS
PHOE-2868651,2868651,2868651 Phoenix Contact STEP-PS/ 1AC/24DC/2.5 - Power supply,,PCS
PHOE-2891001,2891001,2891001 Phoenix Contact FL Switch SFNB 5TX,,PCS
PHOE-2891002,2891002,2891002 Phoenix Contact FL Switch SFNB 8TX,,PCS
PHOE-2891018,2891018,2891018 Phoenix Contact FL SWITCH SFN 8TX-PN - Industrial Ethernet Switch,,PCS
PHOE-2891097,2891097,2891097 Phoenix Contact FL SWITCH SFN 7TX/FX,,PCS
PHOE-2891152,2891152,2891152 Phoenix Contact FL Switch SFN 5TX,,PCS
PHOE-2891929,2891929,2891929 Phoenix Contact FL Switch SFN 8TX,,PCS
PHOE-2891933,2891933,2891933 Phoenix Contact FL SWITCH SFN 16TX,,PCS
PHOE-2900299,2900299,2900299 PLC-RPT-24DC/21 Phoenix Contact Relay module,,PCS
PHOE-2900305,2900305,2900305 Phoenix Contact Relay Module,,PCS
PHOE-2900330,2900330,2900330 Phoenix Contact Relay Module,,PCS
PHOE-2900332,2900332,2900332 Phoenix Contact Relay Module,,PCS
PHOE-2900333,2900333,2900333 Phoenix Contact Relay Module,,PCS
PHOE-2900336,2900336,2900336 Phoenix Contact Relay Module,,PCS
PHOE-2900445,2900445,2900445 Phoenix Contact Relay Base,,PCS
PHOE-2900932,2900932,2900932 PHOENIX CONTACT RIF-2-BSC/4X21 Relay base,,PCS
PHOE-2900958,2900958,2900958 Phoenix Contact Relay base RIF-0-BPT/21,,PCS
PHOE-2902015,2902015,2902015 Phoenix Contact 4..20mA Repeater,,PCS
PHOE-2902992,2902992,2902992 Phoenix Contact UNO-PS/1AC/24DC/60W,,PCS
PHOE-2902995,2902995,2902995 Phoenix Contact UNO-PS/1AC/48DC/60W,,PCS
PHOE-2903147,2903147,2903147 Phoenix Contact TRIO-PS-2G/1AC/24DC/3/C2LPS,,PCS
PHOE-2903148,2903148,2903148 Phoenix Contact TRIO-PS-2G/1AC/24DC/5,,PCS
PHOE-2903149,2903149,2903149 Phoenix Contact TRIO-PS-2G/1AC/24DC/10 - Power supply,,PCS
PHOE-2903153,2903153,2903153 PHOENIX CONTACT TRIO-PS-2G/3AC/24DC/5 Power Supply,,PCS
PHOE-2903155,2903155,2903155 Phoenix Contact TRIO-PS-2G/3AC/24DC/20 - Power supply,,PCS
PHOE-2903326,2903326,2903326 Phoenix Contact Relay Module,,PCS
PHOE-2903331,2903331,2903331 Phoenix Contact Relay Module,,PCS
PHOE-2903334,2903334,2903334 Phoenix Contact Relay Module,,PCS
PHOE-2903350,2903350,2903350 Phoenix Contact Relay Module,,PCS
PHOE-2903370,2903370,2903370 Phoenix Contact Relay Module RIF-0-RPT-24DC/21,,PCS
PHOE-2903688,2903688,2903688 PHOENIX CONTACT REL-IR4/L-230AC/4X21 Single relay,,PCS
PHOE-2904372,2904372,2904372 Phoenix Contact Power supply,,PCS
PHOE-2904376,2904376,2904376 Phoenix Contact UNO-PS/1AC/24DC/150W Power supply,,PCS
PHOE-2904600,2904600,2904600 Phoenix Contact QUINT4-PS/1AC/24DC/5 - Power supply,,PCS
PHOE-2904601,2904601,2904601 Phoenix Contact QUINT4-PS/1AC/24DC/10A,,PCS
PHOE-2904602,2904602,2904602 Phoenix Contact QUINT4-PS/1AC/24DC/20 Power supply unit,,PCS
PHOE-2904603,2904603,2904603 Phoenix Contact QUINT4-PS/1AC/24DC/40 - Power supply,,PCS
PHOE-2904620,2904620,2904620 Phoenix Contact QUINT4-PS/3AC/24DC/5A,,PCS
PHOE-2904621,2904621,2904621 Phoenix Contact QUINT4-PS/3AC/24DC/10,,PCS
PHOE-2904623,2904623,2904623 Phoenix Contact QUINT4-PS/3AC/24DC/40A,,PCS
PHOE-2905026,2905026,2905026 Phoenix Contact MINI MCR-2-UNI-UI-2UI - Signal duplicator,,PCS
PHOE-2905489,2905489,2905489 Phoenix Contact UNO DIODE Redundancy module,,PCS
PHOE-2905744,2905744,2905744 Phoenix Contact Electronic circuit breaker,,PCS
PHOE-2906032,2906032,2906032 Phoenix Contact Electronic circuit breaker,,PCS
PHOE-2907071,2907071,2907071 Phoenix Contact QUINT4-UPS/24DC/24DC/20 - Uninterruptible power supply,,PCS
PHOE-2907379,2907379,2907379 Phoenix Contact TRIO2-DIODE/12-24DC/2X20/1X40 - Redundancy module,,PCS
PHOE-2907380,2907380,2907380 Phoenix Contact TRIO2-DIODE Redundancy module,,PCS
PHOE-2907719,2907719,2907719 Phoenix Contact QUINT4-DIODE/12-24DC/2X20/1X40 - Redundancy module,,PCS
PHOE-2908214,2908214,2908214 Phoenix Contact Relay base,,PCS
PHOE-2908341,2908341,2908341 Phoenix Contact Relay Base,,PCS
PHOE-2909509,2909509,2909509 Phoenix Contact PLC-RSC- 24DC/21-21/EX - Relay module,,PCS
PHOE-2909642,2909642,2909642 REL-MR-24DC/21/MS Phoenix Contact Single relay,,PCS
PHOE-2938222,2938222,2938222 Phoenix Contact QUINT-PS-3X400-500AC/48DC/2,,PCS
PHOE-2938581,2938581,2938581 Phoenix Contact QUINT-PS-100-240AC/24DC/5,,PCS
PHOE-2938617,2938617,2938617 Phoenix Contact QUINT-PS-3X400-500AC/24DC/1,,PCS
PHOE-2938730,2938730,2938730 Phoenix Contact Power supply unit MINI-PS-100-240AC/24DC/2,,PCS
PHOE-2938879,2938879,2938222 Phoenix Contact QUINT-PS-100-240AC/24DC/40,,PCS
PHOE-2939027,2939027,2939027 Phoenix Contact CM-SI-2AF Fuse,,PCS
PHOE-2961105,2961105,2961105 Phoenix Contact REL-MR- 24DC/21,,PCS
PHOE-2961118,2961118,2961118 Phoenix Contact Single Relay,,PCS
PHOE-2961192,2961192,2961192 Phoenix Contact Single Relay,,PCS
PHOE-2961312,2961312,2961312 REL-MR-24DC/21HC Phoenix Contact Single relay,,PCS
PHOE-2961422,2961422,2961422 Phoenix Contact REL-MR-230AC/21HC Single relay,,PCS
PHOE-2961451,2961451,2961451 Phernix Contact Single Relay,,PCS
PHOE-2964500,2964500,2964500 Phoenix Contact DEK-REL-G24/21 - Relay module,,PCS
PHOE-2966016,2966016,2966016 Phoenix Contact Relay base PLC-BSC-24DC/21,,PCS
PHOE-2966045,2966045,2966045 Phoenix Contact Relay Base,,PCS
PHOE-2966058,2966058,2966058 Phoenix Contact PLC-BSC- 24DC/ 1/ACT - Relay base,,PCS
PHOE-2966171,2966171,2966171 Phoenix Contact Relay Module,,PCS
PHOE-2966207,2966207,2966207 Phoenix Contact Relay Module,,PCS
PHOE-2966210,2966210,2966210 PHOENIX PLC-RSC-24DC/1/ACT Relay module,,PCS
PHOE-2966265,2966265,2966265 Phoenix Contact Slim Relay 24Vdc with Socket,,PCS
PHOE-2966595,2966595,2966595 OPT-24DC/24DC/2A SSR Phoenix Contact,,PCS
PHOE-2966621,2966621,2966621 Phoenix Contact Relay Module,,PCS
PHOE-2966634,2966634,2966634 Phoenix Contact PLC-OSC- 24DC/ 24DC/ 2 - SSR module,,PCS
PHOE-2966692,2966692,2966692 FBST 500-PLC BU Phoenix Contact Cont. Plug-in Bridge Blue,,PCS
PHOE-2966786,2966786,2966786 FBST 500-PLC RD Phoenix Contact Cont. plug-in bridge Red,,PCS
PHOE-2966838,2966838,2966838 FBST 500-PLC GY Phoenix Contact Cont. Plug-in Bridge Gray,,PCS
PHOE-2967060,2967060,2967060 Phoenix Contact Relay Module,,PCS
PHOE-2967073,2967073,2967073 Phoenix Contact Relay Module,,PCS
PHOE-2967099,2967099,2967099 Phoenix Contact Relay Module,,PCS
PHOE-2967109,2967109,2967109 Phoenix Contact Relay Module,,PCS
PHOE-2967248,2967248,2967248 Phoenix Contact Relay Module,,PCS
PHOE-2981936,2981936,2981936 PSR-SCP-24DC/SIM4 Phoenix Contact Safety Relays,,PCS
PHOE-2986575,2986575,2986575 Phoenix Contact PSR-SCP- 24DC/FSP2/2X1/1X2 - Coupling relay,,PCS
PHOE-2987943,2987943,2987943 Phoenix Contact Single relay REL-MR-24DC/21-21/MS,,PCS
PHOE-3000159,3000159,3000159 Phoenix Contact FBRNI 4-5N Fixed bridge,,PCS
PHOE-3000515,3000515,3000515 Phoenix Contact FBRI 20-5 N - Fixed Bridge,,PCS
PHOE-3000611,3000611,3000611 Phoenix Contact Ground modular terminal USLKG 3 N,,PCS
PHOE-3001022,3001022,3001022 Phoenix Contact End cover D-UK 2.5,,PCS
PHOE-3001035,3001035,3001035 Phoenix Contact Feed-through terminal UK 2.5 B,,PCS
PHOE-3001501,3001501,3001501 Phoenix Contact Feed-through terminal UK 3 N,,PCS
PHOE-3001592,3001592,3001592 Phoenix Contact FBSR 4-5 Plug-in bridge,,PCS
PHOE-3002001,3002001,3002001 Phoenix Contact Junction box E AB A 180X130X100 20PT,,PCS
PHOE-3002018,3002018,3002018 Phoenix Contact Terminal UK 3,,PCS
PHOE-3003017,3003017,3003017 Phoenix Contact Feed-through terminal UK 4,,PCS
PHOE-3003020,3003020,3003020 Phoenix Contact End cover D-UK 4/10,,PCS
PHOE-3003185,3003185,3003185 Phoenix Contact FB 10-8-EX Fixed bridge,,PCS
PHOE-3003224,3003224,3003224 Phoenix Contact Partition plate ATP-UK,,PCS
PHOE-3003347,3003347,3003347 Phoenix Contact Feed-through terminal UK 2.5 N,,PCS
PHOE-3003923,3003923,3003923 Phoenix Contact Ground modular terminal USLKG 10 N,,PCS
PHOE-3004016,3004016,3004016 Phoenix Contact Terminal UK 5,,PCS
PHOE-3004032,3004032,3004032 Phoenix Contact Knife-disconnect terminal UK 5-MTK-P/P,,PCS
PHOE-3004100,3004100,3004100 Phoenix Contact Fuse modular terminal UK 5-HESI,,PCS
PHOE-3004126,3004126,3004126 Phoenix Contact Fuse modular terminal UK 5-HESILED 24,,PCS
PHOE-3004142,3004142,3004142 Phoenix Contact Fuse modular terminal UK 5-HESILA 250,,PCS
PHOE-3004362,3004362,3004362 Phoenix Contact Feed-through terminal UK 5 N,,PCS
PHOE-3004388,3004388,3004388 Phoenix Contact Terminal UK 5 N BU,,PCS
PHOE-3004430,3004430,3004430 Phoenix Contact UK 5-MTK - Knife-disconnect terminal,,PCS
PHOE-3004524,3004524,3004524 Phoenix Contact Feed-through terminal UK 6 N,,PCS
PHOE-3005015,3005015,3005015 Phoenix Contact Terminal UK 10,,PCS
PHOE-3005073,3005073,3005073 Phoenix Contact Feed-through terminal UK 10 N,,PCS
PHOE-3005950,3005950,3005950 Phoenix Contact FBS 2-12,,PCS
PHOE-3006014,3006014,3006014 Phoenix Contact Terminal UK 16,,PCS
PHOE-3006027,3006027,3006027 Phoenix Contact End cover D-UK 16,,PCS
PHOE-3006043,3006043,3006043 Phoenix Contact Feed-through terminal UK 16 N,,PCS
PHOE-3006179,3006179,3006179 Phoenix Contact Installation ground terminal UK 16 N-PE/N,,PCS
PHOE-3007204,3007204,3007204 Phoenix Contact Fuse modular terminal UKK 5-HESI (5X20),,PCS
PHOE-3008012,3008012,3008012 Phoenix Contact UK 35 Feed-through terminal block,,PCS
PHOE-3009118,3009118,3009118 Phoenix Contact Terminal UKH 50,,PCS
PHOE-3010013,3010013,3010013 Phoenix Contact UKH95 High-current terminal block 95mm2,,PCS
PHOE-3022218,3022218,3022218 Phoenix Contact End clamp CLIPFIX 35,,PCS
PHOE-3022276,3022276,3022276 Phoenix Contact End clamp CLIPFIX 35-5,,PCS
PHOE-3024753,3024753,3024753 Phoenix Contact Installation ground terminal UK 6 N-PE/N,,PCS
PHOE-3030145,3030145,3030145 Phoenix Contact FBS 5-4 - Plug-in bridge,,PCS
PHOE-3030161,3030161,3030161 Phoenix Contact Plug-in bridge FBS 2-5,,PCS
PHOE-3030174,3030174,3030174 Phoenix Contact FBS 3-5 - Plug-in bridge,,PCS
PHOE-3030187,3030187,3030187 Phoenix Contact Plug-in bridge FBS 4-5,,PCS
PHOE-3030190,3030190,3030190 Phoenix Contact Plug-in bridge FBS 5-5,,PCS
PHOE-3030213,3030213,3030213 Phoenix Contact Plug-in bridge FBS10-5,,PCS
PHOE-3030226,3030226,3030226 Phoenix Contact Plug-in bridge FBS 20-5,,PCS
PHOE-3030242,3030242,3030242 Phoenix Contact FBS 3-6 Plug-in Bridge,,PCS
PHOE-3030255,3030255,3030255 Phoenix Contact FBS 4-6 - Plug-in bridge,,PCS
PHOE-3030271,3030271,3030271 Phoenix Contact Plug-in bridge FBS 10-6,,PCS
PHOE-3030284,3030284,3030284 Phoenix Contact FBS 2-8 - Plug-in bridge,,PCS
PHOE-3030297,3030297,3030297 Phoenix Contact FBS 3-8 Plug-in Bridge,,PCS
PHOE-3030307,3030307,FBS 4-8 Phoenix Contact Plug-in bridge,,PCS
PHOE-3030310,3030310,3030310 Phoenix Contact FBS 5-8 - Plug-in bridge Red,,PCS
PHOE-3030323,3030323,3030323 Phoenix Contact FBS10-8 Plug-in bridge,,PCS
PHOE-3030336,3030336,3030336 Phoenix Contact Plug-in bridge FBS 2-6,,PCS
PHOE-3030349,3030349,3030349 Phoenix Contact Plug-in bridge FBS 5-6,,PCS
PHOE-3030365,3030365,3030365 Phoenix Contact Plug-in bridge FBS 20-6,,PCS
PHOE-3030417,3030417,3030417 Phoenix Contact End cover D-ST 2.5,,PCS
PHOE-3030420,3030420,3030420 Phoenix Contact End cover D-ST 4,,PCS
PHOE-3030433,3030433,3030433 Phoenix Contact End cover D-ST 6,,PCS
PHOE-3030488,3030488,3030488 Phoenix Contact End cover D-ST 2.5-TWIN,,PCS
PHOE-3030514,3030514,3030514 Phoenix Contact End cover D-ST 2.5-QUATTRO,,PCS
PHOE-3030527,3030527,3030527 Phoenix Contact D-ST 4-QUATTRO - End cover,,PCS
PHOE-3030721,3030721,3030721 Phoenix Contact Partition plate ATP-ST 4,,PCS
PHOE-3030747,3030747,3030747 Phoenix Contact Partition plate ATP-STTB 4,,PCS
PHOE-3031047,3031047,"3031047 Phoenix Contact ZPV 1,5/2,5 (8/1) - Potential distributors",,PCS
PHOE-3031050,3031050,"3031050 Phoenix Contact D-ZPV 1,5/2,5 (8/1) End cover",,PCS
PHOE-3031076,3031076,3031076 Phoenix Contact Feed-through terminal ST 1.5,,PCS
PHOE-3031212,3031212,3031212 Phoenix Contact Feed-through terminal ST 2.5,,PCS
PHOE-3031238,3031238,3031238 Phoenix Contact Spring cage ground terminal ST 2.5-PE,,PCS
PHOE-3031241,3031241,3031241 Phoenix Contact Feed-through terminal ST 2.5-TWIN,,PCS
PHOE-3031267,3031267,3031267 Phoenix Contact ST 2.5-TWIN-PE Ground Terminal,,PCS
PHOE-3031306,3031306,3031306 Phoenix Contact Feed-through terminal ST 2.5-QUATTRO,,PCS
PHOE-3031364,3031364,3031364 Phoenix Contact Feed-through terminal ST 4,,PCS
PHOE-3031380,3031380,3031380 Phoenix Contact Terminal ST 4-PE,,PCS
PHOE-3031458,3031458,3031458 Phoenix Contact ST 4-QUATTRO BU - Feed-through terminal,,PCS
PHOE-3031487,3031487,3031487 Phoenix Contact Feed-through terminal ST 6,,PCS
PHOE-3031500,3031500,3031500 Phoenix Contact Ground modular terminal ST 6-PE,,PCS
PHOE-3032224,3032224,3032224 Phoenix Contact FBS 50-6 - Plug-in bridge Red,,PCS
PHOE-3033716,3033716,FBSR 10-6 Phoenix Contact Plug-in bridge terminal,,PCS
PHOE-3034372,3034372,3034372 PHOENIX CONTACT AP 2-TU KS Cover Profile Carrier,,PCS
PHOE-3036042,3036042,3036042 Phoenix Contact Multi-level terminal ST 2.5-3L,,PCS
PHOE-3036071,3036071,3036071 Phoenix Contact Spring cage ground terminal ST 2.5-3PE,,PCS
PHOE-3036110,3036110,3036110 Phoenix Contact ST 10 - Feed-through terminal,,PCS
PHOE-3036149,3036149,3036149 Phoenix Contact Feed-through terminal ST 16,,PCS
PHOE-3036165,3036165,3036165 Phoenix Contact Spring cage ground terminal ST 16-PE,,PCS
PHOE-3036343,3036343,3036343 Phoenix Contact Knife-disconnect terminal ST 2.5-MT,,PCS
PHOE-3036369,3036369,3036369 Phoenix Contact Fuse modular Terminal ST 4-HESI,,PCS
PHOE-3036602,3036602,3036602 Phoenix Contact Cover segment DS-ST 2.5,,PCS
PHOE-3036644,3036644,3036644 Phoenix Contact D-ST 10 - End cover,,PCS
PHOE-3036657,3036657,3036657 Phoenix Contact End cover D-ST 16,,PCS
PHOE-3036660,3036660,3036660 Phoenix Contact End cover D-ST 2.5-3L,,PCS
PHOE-3036877,3036877,3036877 Phoenix Contact FBS 2-5 BU Plug-in bridge,,PCS
PHOE-3036903,3036903,3036903 Phoenix Contact FBS 5-5 BU Plug-in bridge,,PCS
PHOE-3036916,3036916,3036916 Phoenix Contact FBS 10-5 BU - Plug-in bridge,,PCS
PHOE-3037818,3037818,3037818 Phoenix Contact ST 2.5-MT BU - Knife-disconnect terminal,,PCS
PHOE-3038464,3038464,3038464 Phoenix Contact STTBS 2.5 - Double-level spring-cage terminal,,PCS
PHOE-3038930,3038930,3038930 Phoenix Contact FBS 50-5 - Plug-in bridge,,PCS
PHOE-3044076,3044076,3044076 Phoenix Contact Feed-through terminal - UT 2.5,,PCS
PHOE-3044089,3044089,3044089 Phoenix Contact Feed-through terminal UT 2.5 BU,,PCS
PHOE-3044092,3044092,3044092 Phoenix Contact Ground modular terminal UT 2.5-PE,,PCS
PHOE-3044102,3044102,3044102 Phoenix Contact Feed-through terminal UT 4,,PCS
PHOE-3044115,3044115,3044115 Phoenix Contact Terminal UT 4 BU,,PCS
PHOE-3044128,3044128,3044128 Phoenix Contact Ground modular terminal UT 4-PE,,PCS
PHOE-3044131,3044131,3044131 Phoenix Contact Feed-through terminal UT 6,,PCS
PHOE-3044157,3044157,3044157 Phoenix Contact Ground Terminal UT 6-PE,,PCS
PHOE-3044160,3044160,3044160 Phoenix Contact Feed-through terminal UT 10,,PCS
PHOE-3044173,3044173,3044173 Phoenix Contact UT 10-PE - Ground terminal,,PCS
PHOE-3044188,3044188,3044188 Phoenix Contact UT 10 BU - Feed-through terminal,,PCS
PHOE-3044199,3044199,3044199 Phoenix Contact Feed-through terminal UT 16,,PCS
PHOE-3044212,3044212,3044212 Phoenix Contact UT 16-PE - Ground terminal,,PCS
PHOE-3044225,3044225,3044225 Phoenix Contact Feed-through terminal UT 35,,PCS
PHOE-3044241,3044241,3044241 Phoenix Contact Ground modular terminal UT 35-PE,,PCS
PHOE-3044513,3044513,3044513 Phoenix Contact Terminal PT 2.5 TWIN,,PCS
PHOE-3044636,3044636,3044636 Phoenix Contact Double-level terminal UTTB 2.5,,PCS
PHOE-3044814,3044814,3044814 Phoenix Contact Double-level terminal UTTB 4,,PCS
PHOE-3046032,3046032,3046032 Phoenix Contact Fuse modular terminal UT 4-HESI (5X20),,PCS
PHOE-3046090,3046090,3046090 Phoenix Contact Fuse modular terminal UT 4-HESILED 24 (5X20),,PCS
PHOE-3046100,3046100,3046100 Phoenix Contact Fuse modular terminal UT 4-HESILA 250 (5X20),,PCS
PHOE-3046139,3046139,3046139 Phoenix Contact Knife-disconnect terminal UT 4-MT,,PCS
PHOE-3046171,3046171,3046171 Phoenix Contact Knife-disconnect terminal UT 4-MT-P/P,,PCS
PHOE-3046184,3046184,3046184 Phoenix Contact Feed-through terminal UT 4-MTD,,PCS
PHOE-3046362,3046362,3046362 Phoenix Contact Knife-disconnect terminal UT 2.5-MT,,PCS
PHOE-3046375,3046375,3046375 Phoenix Contact UT 2.5-MT-P/P - Knife-disconnect terminal,,PCS
PHOE-3046401,3046401,3046401 Phoenix Contact Fuse modular terminal UT 6-HESI (6.3X32),,PCS
PHOE-3046553,3046553,3046553 Phoenix Contact Knife-disconnect terminal UT 2.5-MT BU,,PCS
PHOE-3046566,3046566,3046566 Phoenix Contact UT 2.5-MT P/P BU - Knife-disconnect terminal,,PCS
PHOE-3047028,3047028,3047028 Phoenix Contact End cover D-UT 2.5/10,,PCS
PHOE-3047141,3047141,3047141 Phoenix Contact End cover D-UT 2.5/4-TWIN,,PCS
PHOE-3047167,3047167,3047167 Phoenix Contact Partition Plate ATP-UT,,PCS
PHOE-3047170,3047170,3047170 Phoenix Contact D-UT 2.5/4-QUATTRO - End cover,,PCS
PHOE-3047183,3047183,3047183 Phoenix Contact Partition plate ATP-UT-TWIN,,PCS
PHOE-3047206,3047206,3047206 Phoenix Contact End cover D-UT 16,,PCS
PHOE-3047293,3047293,3047293 Phoenix Contact End cover D-UTTB 2.5/4,,PCS
PHOE-3048386,3048386,3048386 Phoenix Contact UK 10.3-HESI N - Fuse modular terminal,,PCS
PHOE-3049026,3049026,RT 5 Phoenix Contact Bolt Connection Terminal Block,,PCS
PHOE-3059809,3059809,3059809 Phoenix Contact Cover D-TB 4/10,,PCS
PHOE-3059919,3059919,3059919 Phoenix Contact EndPlate D-TB 2.5 for TB2.5 I,,PCS
PHOE-3061363,3061363,3061363 Phoenix Contact FUSE 10.3X38 20A PV - Fuse,,PCS
PHOE-3064069,3064069,3064069 Phoenix Contact UT 6-MT - Knife-disconnect terminal,,PCS
PHOE-3074130,3074130,3074130 Phoenix Contact Feed-through terminal UK 35 N,,PCS
PHOE-3074143,3074143,3074143 USLKG 35 N Phoenix Contact Ground terminal,,PCS
PHOE-3104013,3104013,3104013 Phoenix Contact Knife-disconnect terminal MTK-P/P,,PCS
PHOE-3118135,3118135,3118135 Phoenix Contact Insertion bridge EBS 10-8,,PCS
PHOE-3118203,3118203,3118203 Phoenix Contact UK 6-FSI/C - Fuse modular terminal,,PCS
PHOE-3200030,3200030,3200030 Phoenix Contact AI1-8 RD Ferrule RED,,PCS
PHOE-3200043,3200043,3200043 Phoenix Contact AI 1.5 - 8 BK - Ferrule,,PCS
PHOE-3200182,3200182,3200182 Phoenix Contact Ferrule AI 1 -10 RD,,PCS
PHOE-3200195,3200195,3200195 Phoenix Contact Ferrule AI 1.5 -10 BK,,PCS
PHOE-3200506,3200506,"3200506 Phoenix Contact AI 0,5-12 WH - Ferrule",,PCS
PHOE-3200519,3200519,3200519 Phoenix Contact AI0.75-8GY-Ferrule (100 pcs/pack),,PCS
PHOE-3200674,3200674,3200674 Phoenix Contact AI1-12RD,,PCS
PHOE-3200807,3200807,3200807 Phoenix Contact AI-TWIN 2X 0.75- 8 GY - Ferrule,,PCS
PHOE-3200823,3200823,"3200823 Phoenix Contact AI-TWIN 2X 1,5 - 10 BK",,PCS
PHOE-3200849,3200849,3200849 Phoenix Contact AI0.75-12GY,,PCS
PHOE-3200959,3200959,3200959 Phoenix Contact AI4-12 GY Ferrule GRAY,,PCS
PHOE-3200962,3200962,3200962 Phoenix Contact AI2.5-12BU,,PCS
PHOE-3200988,3200988,3200988 Phoenix Contact AI-TWIN 2X 1 -10 RD,,PCS
PHOE-3201275,3201275,3201275 Phoenix Contact AI0.5-10WH,,PCS
PHOE-3201288,3201288,"3201288 Phoenix Contact AI 0.75-10 Ferrule, Gray (100 pcs/pack)",,PCS
PHOE-3201534,3201534,3201534 Phoenix Contact AI-TWIN 2X 1.5 -10 BK - Ferrule,,PCS
PHOE-3202533,3202533,3202533 Phoenix Contact AI2.5-10 BU Ferrule BLUE,,PCS
PHOE-3202892,3202892,3202892 Phoenix Contact AI 1.5 - 8 BK-GB-1000 - Ferrule,,PCS
PHOE-3208100,3208100,3208100 Phoenix Contact Feed-through terminal PT 1.5/S,,PCS
PHOE-3208139,3208139,3208139 Phoenix Contact Ground modular terminal PT 1.5/S-PE,,PCS
PHOE-3208142,3208142,3208142 Phoenix Contact End cover D-PT 1.5/S,,PCS
PHOE-3208155,3208155,3208155 Phoenix Contact Feed-through terminal PT 1.5/S-TWIN,,PCS
PHOE-3208184,3208184,3208184 Phoenix Contact End cover D-PT 1.5/S-TWIN,,PCS
PHOE-3208197,3208197,3208197 Phoenix Contact Feed-through terminal PT 1.5/S-QUATTRO,,PCS
PHOE-3208375,3208375,3208375 Phoenix Contact End cover D-PT 1.5/S-QUATTRO,,PCS
PHOE-3208977,3208977,3208977 Phoenix Contact Plug-in bridge terminal D-PT 4-TWIN,,PCS
PHOE-3209510,3209510,3209510 Phoenix Contact Feed-through terminal PT 2.5,,PCS
PHOE-3209523,3209523,3209523 Phoenix Contact Terminal PT 2.5 BU,,PCS
PHOE-3209536,3209536,3209536 Phoenix Contact Ground modular terminal PT 2.5-PE,,PCS
PHOE-3209549,3209549,3209549 Phoenix Contact Feed-through terminal PT 2.5-TWIN,,PCS
PHOE-3209565,3209565,"3209565 Phoenix Contact Protective conductor terminal block PT 2,5-TWIN-PE",,PCS
PHOE-3209578,3209578,3209578 Phoenix Contact Feed-through terminal PT 2.5-QUATTRO,,PCS
PHOE-3209594,3209594,3209594 Phoenix Contact PT 2.5-QUATTRO-PE - Ground terminal,,PCS
PHOE-3210156,3210156,3210156 Phoenix Contact Knife-disconnect terminal PT 2.5-MT,,PCS
PHOE-3210499,3210499,3210499 Phoenix Contact PT 2.5-3L - Multi-level terminal,,PCS
PHOE-3210567,3210567,3210567 Phoenix Contact Double-level terminal PTTB 2.5,,PCS
PHOE-3211003,3211003,3211003 Phoenix Contact D-PT 2.5-MT End cover,,PCS
PHOE-3211019,3211019,3211019 Phoenix Contact Feed-through terminal PT 2.5/S-QUATTRO,,PCS
PHOE-3211025,3211025,3211025 Phoenix Contact Ground modular terminal PT 2.5/S-QUATTRO-PE,,PCS
PHOE-3211236,3211236,3211236 Phoenix Contact UK 10.3-HESI 1000V - Fuse holder,,PCS
PHOE-3211508,3211508,3211508 Phoenix Contact D-PT6 Twin End Cover,,PCS
PHOE-3211634,3211634,3211634 Phoenix Contact End cover D-PTTB 2.5,,PCS
PHOE-3211647,3211647,3211647 Phoenix Contact D-PT 2.5-3L - End cover,,PCS
PHOE-3211757,3211757,3211757 Phoenix Contact Feed-through terminal PT 4,,PCS
PHOE-3211760,3211760,3211760 Phoenix Contact Terminal PT 4 BU,,PCS
PHOE-3211766,3211766,3211766 Phoenix Contact Ground modular terminal PT 4-PE,,PCS
PHOE-3211771,3211771,3211771 Phoenix Contact Plug-in bridge terminal PT 4 TWIN,,PCS
PHOE-3211786,3211786,3211786 PHOENIX CONTACT PTTB4 Double-level terminal block,,PCS
PHOE-3211797,3211797,3211797 Phoenix Contact PT 4-QUATTRO Feed-through terminal block,,PCS
PHOE-3211802,3211802,3211802 Phoenix Contact PT4-QUATTRO BU Feed-through terminal block,,PCS
PHOE-3211809,3211809,3211809 Phoenix Contact Terminal PT 4-QUATTRO-PE,,PCS
PHOE-3211813,3211813,3211813 Phoenix Contact Feed-through terminal PT 6,,PCS
PHOE-3211819,3211819,3211819 Phoenix Contact Terminal PT 6 BU,,PCS
PHOE-3211822,3211822,3211822 Phoenix Contact PT 6-PE - Ground terminal,,PCS
PHOE-3211861,3211861,3211861 Phoenix Contact Fuse modular terminal PT 4-HESI (5X20),,PCS
PHOE-3211903,3211903,3211903 Phoenix Contact Fuse modular terminal PT 4-HESILED 24 (5X20),,PCS
PHOE-3211907,3211907,3211907 Phoenix Contact Fuse modular terminal PT 4-HESILA 250 (5X20),,PCS
PHOE-3211929,3211929,3211929 Phoenix Contact PT6 Twin Terminal,,PCS
PHOE-3211933,3211933,3211933 Phoenix Contact Knife-disconnect terminal PT 4-MT,,PCS
PHOE-3212044,3212044,3212044 Phoenix Contact End cover D-PT 6,,PCS
PHOE-3212057,3212057,3212057 Phoenix Contact End cover D-PT 10,,PCS
PHOE-3212060,3212060,3212060 Phoenix Contact End cover D-PT 16 N,,PCS
PHOE-3212120,3212120,3212120 Phoenix Contact Feed-through terminal PT 10,,PCS
PHOE-3212131,3212131,3212131 Phoenix Contact Ground modular terminal PT 10-PE,,PCS
PHOE-3212138,3212138,3212138 Phoenix Contact Feed-through terminal PT 16 N,,PCS
PHOE-3212147,3212147,3212147 Phoenix Contact Ground modular terminal PT 16 N-PE,,PCS
PHOE-3213014,3213014,3213014 Phoenix Contact FBS 2-3.5 - Plug-in bridge,,PCS
PHOE-3213027,3213027,3213027 Phoenix Contact FBS 3-3.5 - Plug-in bridge,,PCS
PHOE-3213030,3213030,3213030 Phoenix Contact FBS 4-3.5 - Plug-in bridge,,PCS
PHOE-3213043,3213043,3213043 Phoenix Contact FBS 5-3.5 - Plug-in bridge,,PCS
PHOE-3213056,3213056,3213056 Phoenix Contact Plug-in bridge FBS 10-3.5,,PCS
PHOE-3213069,3213069,3213069 Phoenix Contact FBS 20-3.5 - Plug-in bridge Red,,PCS
PHOE-3213153,3213153,3213153 Phoenix Contact Plug-in bridge FBS 2-3.5 GY,,PCS
PHOE-3213183,3213183,3213183 Phoenix Contact Plug-in bridge FBS 5-3.5 GY,,PCS
PHOE-3213196,3213196,3213196 Phoenix Contact Plug-in bridge FBS 10-3.5 GY,,PCS
PHOE-3214259,3214259,3214259 Phoenix Contact terminal UT 2.5-3L,,PCS
PHOE-3214314,3214314,3214314 Phoenix Contact D-UT 2.5-3L - End cover,,PCS
PHOE-3214325,3214325,3214325 Phoenix Contact UT 4-L/HESI (5X20) - Fuse modular terminal,,PCS
PHOE-3214366,3214366,3214366 Phoenix Contact Fuse modular Terminal UT 4-L/HESILED 24,,PCS
PHOE-3240189,3240189,3240189 Phoenix Contact Cable duct CD 40X40,,PCS
PHOE-3240192,3240192,3240192 Phoenix Contact Cable duct CD 40X60,,PCS
PHOE-3240193,3240193,3240193 Phoenix Contact Cable duct CD 60X60,,PCS
PHOE-3240197,3240197,3240197 Phoenix Contact Cable duct CD 25X80,,PCS
PHOE-3240198,3240198,3240198 Phoenix Contact Cable duct CD 40X80,,PCS
PHOE-3240199,3240199,3240199 Phoenix Contact Cable duct CD 60X80,,PCS
PHOE-3240200,3240200,3240200 Phoenix Contact Cable duct CD 80X80,,PCS
PHOE-3240201,3240201,3240201 Phoenix Contact Cable duct CD 100X80,,PCS
PHOE-3240263,3240263,3240263 Phoenix Contact Cable duct CD 60X100,,PCS
PHOE-3240264,3240264,3240264 Phoenix Contact CD 80X100 - Cable duct,,PCS
PHOE-3240280,3240280,3240280 Phoenix Contact CD 30X60 - Cable duct,,PCS
PHOE-3240282,3240282,3240282 Phoenix Contact CD 30X80 - Cable duct,,PCS
PHOE-3240294,3240294,3240294 Phoenix Contact Cable duct CD 40X100,,PCS
PHOE-3240349,3240349,3240349 Phoenix Contact Cable duct CD-HF 40X60,,PCS
PHOE-3240359,3240359,3240359 Phoenix Contact Cable duct CD-HF 80X80,,PCS
PHOE-3241128,3241128,3241128 Phoenix Contact AI 0.25-10 YE - Ferrule,,PCS
PHOE-3241129,3241129,3241129 Phoenix Contact AI 0.34-10 TQ - Ferrule,,PCS
PHOE-3246311,3246311,3246311 Phoenix Contact Feed-through terminal TB 2.5 I,,PCS
PHOE-3246966,3246966,3246966 Phoenix Contact E/TB - End bracket,,PCS
PHOE-3248030,3248030,3248030 Phoenix Contact terminal MUT 2.5,,PCS
PHOE-3270158,3270158,3270158 PHOENIX PTRVB 4-FI/BK Potential distributors,,PCS
PHOE-3281116,3281116,3281116 Phoenix Contact Feed-through terminal BTP 3.5,,PCS
PHOE-3281121,3281121,3281121 Phoenix Contact End Cover D-BT 3.5,,PCS
